filename,grupo,imagen,matricula_imagen,matricula_dataset,ratio,match
0001_plate_patente.jpg,plates,port_log/data/raw/imgs/port_log_images/0001_plate_patente.jpg,PIL-SanTA,PILSANTA,100.0,True
0002_plate.jpg,plates,port_log/data/raw/imgs/port_log_images/0002_plate.jpg,MSC-GENOVA,MSCGENOVA,100.0,True
0003_plate_patente.jpg,plates,port_log/data/raw/imgs/port_log_images/0003_plate_patente.jpg,CMA-ROSARIO,CMAROSARIO,100.0,True
0004_plate.jpg,plates,port_log/data/raw/imgs/port_log_images/0004_plate.jpg,MAERSK-LIMA,MAERSKLIMA,100.0,True
0005_plate_patente.jpg,plates,port_log/data/raw/imgs/port_log_images/0005_plate_patente.jpg,MAERSK-LIM4,MAERSKLIMA,90.0,True
0006_plate_patente.jpg,plates,port_log/data/raw/imgs/port_log_images/0006_plate_patente.jpg,PIL-SANT4,PILSANTA,87.5,True
0007_plate_patente.jpg,plates,port_log/data/raw/imgs/port_log_images/0007_plate_patente.jpg,Z1M-DELTA,ZIMDELTA,87.5,True
0008_plate_patente.jpg,plates,port_log/data/raw/imgs/port_log_images/0008_plate_patente.jpg,ONE-PLAT4,ONEPLATA,87.5,True
0009_plate.jpg,plates,port_log/data/raw/imgs/port_log_images/0009_plate.jpg,HAPAG-RIO,HAPAGRIO,100.0,True
0010_plate_patente.jpg,plates,port_log/data/raw/imgs/port_log_images/0010_plate_patente.jpg,CMA- LITORAL,CMALITORAL,100.0,True
0011_plate.jpg,plates,port_log/data/raw/imgs/port_log_images/0011_plate.jpg,HAPAG-RIO,HAPAGRIO,100.0,True
0012_plate_patente.jpg,plates,port_log/data/raw/imgs/port_log_images/0012_plate_patente.jpg,YANG-MIN6,YANGMING,87.5,True
0013_plate.jpg,plates,port_log/data/raw/imgs/port_log_images/0013_plate.jpg,ONE-PLATA,ONEPLATA,100.0,True
0014_plate_patente.jpg,plates,port_log/data/raw/imgs/port_log_images/0014_plate_patente.jpg,coscO-TIGRE,COSCOTIGRE,100.0,True
0015_plate_patente.jpg,plates,port_log/data/raw/imgs/port_log_images/0015_plate_patente.jpg,CMA-LITORAL,CMALITORAL,100.0,True
0016_plate.jpg,plates,port_log/data/raw/imgs/port_log_images/0016_plate.jpg,YAN6 - ESTF,YANGESTE,75.0,True
0017_plate_patente.jpg,plates,port_log/data/raw/imgs/port_log_images/0017_plate_patente.jpg,HAPA6-R1O,HAPAGRIO,75.0,True
0018_plate_patente.jpg,plates,port_log/data/raw/imgs/port_log_images/0018_plate_patente.jpg,EVERGREEN- 02,EVERGREEN02,100.0,True
0019_plate_patente.jpg,plates,port_log/data/raw/imgs/port_log_images/0019_plate_patente.jpg,HAPAG-R1O,HAPAGRIO,87.5,True
0020_plate_patente.jpg,plates,port_log/data/raw/imgs/port_log_images/0020_plate_patente.jpg,ONELPARANA,,62.5,False
0021_plate_patente.jpg,plates,port_log/data/raw/imgs/port_log_images/0021_plate_patente.jpg,PIL-SANTA,PILSANTA,100.0,True
0022_plate_patente.jpg,plates,port_log/data/raw/imgs/port_log_images/0022_plate_patente.jpg,ONE-PLATA,ONEPLATA,100.0,True
0023_plate_patente.jpg,plates,port_log/data/raw/imgs/port_log_images/0023_plate_patente.jpg,MAERSK -PAMPAS,MAERSKPAMPAS,100.0,True
0024_plate.jpg,plates,port_log/data/raw/imgs/port_log_images/0024_plate.jpg,MAERSKPAMPAS,MAERSKPAMPAS,100.0,True
0025_plate_patente.jpg,plates,port_log/data/raw/imgs/port_log_images/0025_plate_patente.jpg,MAERSK-PAMPAS,MAERSKPAMPAS,100.0,True
0026_plate_patente.jpg,plates,port_log/data/raw/imgs/port_log_images/0026_plate_patente.jpg,YANG-ESTE,YANGESTE,100.0,True
0027_plate_patente.jpg,plates,port_log/data/raw/imgs/port_log_images/0027_plate_patente.jpg,MSc- GENov4,MSCGENOVA,88.88888888888889,True
0028_plate_patente.jpg,plates,port_log/data/raw/imgs/port_log_images/0028_plate_patente.jpg,ONE - PARANA,ONEPARANA,100.0,True
0029_plate_patente.jpg,plates,port_log/data/raw/imgs/port_log_images/0029_plate_patente.jpg,CMA-ROS4RIO,CMAROSARIO,90.0,True
0030_plate_patente.jpg,plates,port_log/data/raw/imgs/port_log_images/0030_plate_patente.jpg,MAERSK-PAMP4S,MAERSKPAMPAS,91.66666666666666,True
0031_plate_patente.jpg,plates,port_log/data/raw/imgs/port_log_images/0031_plate_patente.jpg,HAPA6-R1O,HAPAGRIO,75.0,True
0032_plate_patente.jpg,plates,port_log/data/raw/imgs/port_log_images/0032_plate_patente.jpg,cosco-TIGRE,COSCOTIGRE,100.0,True
0033_plate_patente.jpg,plates,port_log/data/raw/imgs/port_log_images/0033_plate_patente.jpg,COSCO-TIGRE,COSCOTIGRE,100.0,True
0034_plate_patente.jpg,plates,port_log/data/raw/imgs/port_log_images/0034_plate_patente.jpg,MAERSK- LIMA,MAERSKLIMA,100.0,True
0035_plate_patente.jpg,plates,port_log/data/raw/imgs/port_log_images/0035_plate_patente.jpg,HAPA6-RIO,HAPAGRIO,87.5,True
0036_plate_patente.jpg,plates,port_log/data/raw/imgs/port_log_images/0036_plate_patente.jpg,YANG-MING,YANGMING,100.0,True
0037_plate_patente.jpg,plates,port_log/data/raw/imgs/port_log_images/0037_plate_patente.jpg,EVERGREEN-02,EVERGREEN02,100.0,True
0038_plate_patente.jpg,plates,port_log/data/raw/imgs/port_log_images/0038_plate_patente.jpg,MAERSK-PAMP45,MAERSKPAMPAS,83.33333333333334,True
0039_plate_patente.jpg,plates,port_log/data/raw/imgs/port_log_images/0039_plate_patente.jpg,CMA-ROS4RIO,CMAROSARIO,90.0,True
0040_plate_patente.jpg,plates,port_log/data/raw/imgs/port_log_images/0040_plate_patente.jpg,MSC-4LPHA,MSCALPHA,87.5,True
0041_plate.jpg,plates,port_log/data/raw/imgs/port_log_images/0041_plate.jpg,ONE-PLATA,ONEPLATA,100.0,True
0042_plate.jpg,plates,port_log/data/raw/imgs/port_log_images/0042_plate.jpg,Co5cO-STAR,COSCOSTAR,88.88888888888889,True
0043_plate_patente.jpg,plates,port_log/data/raw/imgs/port_log_images/0043_plate_patente.jpg,HAP46-SUR,HAPAGSUR,75.0,True
0044_plate_patente.jpg,plates,port_log/data/raw/imgs/port_log_images/0044_plate_patente.jpg,ONE-PARANA,ONEPARANA,100.0,True
0045_plate_patente.jpg,plates,port_log/data/raw/imgs/port_log_images/0045_plate_patente.jpg,YANG-MING,YANGMING,100.0,True
0046_plate_patente.jpg,plates,port_log/data/raw/imgs/port_log_images/0046_plate_patente.jpg,CMA-LITORAL,CMALITORAL,100.0,True
0047_plate.jpg,plates,port_log/data/raw/imgs/port_log_images/0047_plate.jpg,ONE-PLATA,ONEPLATA,100.0,True
0048_plate.jpg,plates,port_log/data/raw/imgs/port_log_images/0048_plate.jpg,CMA-LITORAL,CMALITORAL,100.0,True
0049_plate_patente.jpg,plates,port_log/data/raw/imgs/port_log_images/0049_plate_patente.jpg,YANG-ESTE,YANGESTE,100.0,True
0050_plate.jpg,plates,port_log/data/raw/imgs/port_log_images/0050_plate.jpg,HAP46-RIO,HAPAGRIO,75.0,True
0051_plate_patente.jpg,plates,port_log/data/raw/imgs/port_log_images/0051_plate_patente.jpg,PIL-SANTA,PILSANTA,100.0,True
0052_plate_patente.jpg,plates,port_log/data/raw/imgs/port_log_images/0052_plate_patente.jpg,Y4N6-MIN6,,62.5,False
0053_plate_patente.jpg,plates,port_log/data/raw/imgs/port_log_images/0053_plate_patente.jpg,CMA-ROSARIO,CMAROSARIO,100.0,True
0054_plate_patente.jpg,plates,port_log/data/raw/imgs/port_log_images/0054_plate_patente.jpg,MAERSK-PAMPAS,MAERSKPAMPAS,100.0,True
0055_plate_patente.jpg,plates,port_log/data/raw/imgs/port_log_images/0055_plate_patente.jpg,ONE -PARANA,ONEPARANA,100.0,True
0056_plate.jpg,plates,port_log/data/raw/imgs/port_log_images/0056_plate.jpg,EVERGREEN-02,EVERGREEN02,100.0,True
0057_plate_patente.jpg,plates,port_log/data/raw/imgs/port_log_images/0057_plate_patente.jpg,COSCO-TIGRE,COSCOTIGRE,100.0,True
0058_plate_patente.jpg,plates,port_log/data/raw/imgs/port_log_images/0058_plate_patente.jpg,CMA-ROSARIO,CMAROSARIO,100.0,True
0059_plate_patente.jpg,plates,port_log/data/raw/imgs/port_log_images/0059_plate_patente.jpg,ZIM-DELT4,ZIMDELTA,87.5,True
0060_plate_patente.jpg,plates,port_log/data/raw/imgs/port_log_images/0060_plate_patente.jpg,HSC-GENOVA,MSCGENOVA,88.88888888888889,True
0001_complete_patente.jpg,completes,port_log/data/raw/imgs/port_log_images/0001_complete_patente.jpg,CMA-ROS4R1O,CMAROSARIO,80.0,True
0002_complete_patente.jpg,completes,port_log/data/raw/imgs/port_log_images/0002_complete_patente.jpg,MSC-ALPHA,MSCALPHA,100.0,True
0003_complete_patente.jpg,completes,port_log/data/raw/imgs/port_log_images/0003_complete_patente.jpg,PIL-SaNTA,PILSANTA,100.0,True
0004_complete_patente.jpg,completes,port_log/data/raw/imgs/port_log_images/0004_complete_patente.jpg,PIL-OESTE,PILOESTE,100.0,True
0005_complete_patente.jpg,completes,port_log/data/raw/imgs/port_log_images/0005_complete_patente.jpg,ZIM-DELTA,ZIMDELTA,100.0,True
0006_complete_patente.jpg,completes,port_log/data/raw/imgs/port_log_images/0006_complete_patente.jpg,EVERGREEN-02,EVERGREEN02,100.0,True
0007_complete_patente.jpg,completes,port_log/data/raw/imgs/port_log_images/0007_complete_patente.jpg,ONE-PLATA,ONEPLATA,100.0,True
0008_complete_patente.jpg,completes,port_log/data/raw/imgs/port_log_images/0008_complete_patente.jpg,Yang-MING,YANGMING,100.0,True
0009_complete.jpg,completes,port_log/data/raw/imgs/port_log_images/0009_complete.jpg,EVER-6LORY,EVERGLORY,88.88888888888889,True
0010_complete_patente.jpg,completes,port_log/data/raw/imgs/port_log_images/0010_complete_patente.jpg,cosco-StAR,COSCOSTAR,100.0,True
0011_complete.jpg,completes,port_log/data/raw/imgs/port_log_images/0011_complete.jpg,CMA-ROSARIO,CMAROSARIO,100.0,True
0012_complete_patente.jpg,completes,port_log/data/raw/imgs/port_log_images/0012_complete_patente.jpg,PIL - SANT4,PILSANTA,87.5,True
0013_complete_patente.jpg,completes,port_log/data/raw/imgs/port_log_images/0013_complete_patente.jpg,HAPAG-SUR,HAPAGSUR,100.0,True
0014_complete_patente.jpg,completes,port_log/data/raw/imgs/port_log_images/0014_complete_patente.jpg,MSC -GENOVA,MSCGENOVA,100.0,True
0015_complete_patente.jpg,completes,port_log/data/raw/imgs/port_log_images/0015_complete_patente.jpg,Vang-Long,,62.5,False
0016_complete_patente.jpg,completes,port_log/data/raw/imgs/port_log_images/0016_complete_patente.jpg,EVER-GLORY,EVERGLORY,100.0,True
0017_complete_patente.jpg,completes,port_log/data/raw/imgs/port_log_images/0017_complete_patente.jpg,CMA-ROSARIO,CMAROSARIO,100.0,True
0018_complete_patente.jpg,completes,port_log/data/raw/imgs/port_log_images/0018_complete_patente.jpg,MAERSK -PAMPAS,MAERSKPAMPAS,100.0,True
0019_complete_patente.jpg,completes,port_log/data/raw/imgs/port_log_images/0019_complete_patente.jpg,PIL.SanTA,PILSANTA,100.0,True
0020_complete_patente.jpg,completes,port_log/data/raw/imgs/port_log_images/0020_complete_patente.jpg,HAPAG-SUR,HAPAGSUR,100.0,True
0021_complete_patente.jpg,completes,port_log/data/raw/imgs/port_log_images/0021_complete_patente.jpg,PIL -SANT4,PILSANTA,87.5,True
0022_complete_patente.jpg,completes,port_log/data/raw/imgs/port_log_images/0022_complete_patente.jpg,eveR-GLORV,EVERGLORY,88.88888888888889,True
0023_complete_patente.jpg,completes,port_log/data/raw/imgs/port_log_images/0023_complete_patente.jpg,hsc-GENOVA,MSCGENOVA,88.88888888888889,True
0024_complete_patente.jpg,completes,port_log/data/raw/imgs/port_log_images/0024_complete_patente.jpg,ONE-PLAT4,ONEPLATA,87.5,True
0025_complete_patente.jpg,completes,port_log/data/raw/imgs/port_log_images/0025_complete_patente.jpg,EveR-gLory,EVERGLORY,100.0,True
0026_complete_patente.jpg,completes,port_log/data/raw/imgs/port_log_images/0026_complete_patente.jpg,PIL-BESTE,PILOESTE,87.5,True
0027_complete_patente.jpg,completes,port_log/data/raw/imgs/port_log_images/0027_complete_patente.jpg,cMA-ROsaRIO,CMAROSARIO,100.0,True
0028_complete_patente.jpg,completes,port_log/data/raw/imgs/port_log_images/0028_complete_patente.jpg,Msc-ALPHA,MSCALPHA,100.0,True
0029_complete_patente.jpg,completes,port_log/data/raw/imgs/port_log_images/0029_complete_patente.jpg,sc-gekoua,,12.5,False
0030_complete_patente.jpg,completes,port_log/data/raw/imgs/port_log_images/0030_complete_patente.jpg,EVER-6LORY,EVERGLORY,88.88888888888889,True
0031_complete_patente.jpg,completes,port_log/data/raw/imgs/port_log_images/0031_complete_patente.jpg,ONE-PL4TA,ONEPLATA,87.5,True
0032_complete_patente.jpg,completes,port_log/data/raw/imgs/port_log_images/0032_complete_patente.jpg,MSc-4LPHA,MSCALPHA,87.5,True
0033_complete.jpg,completes,port_log/data/raw/imgs/port_log_images/0033_complete.jpg,cosco_TIGRE,COSCOTIGRE,100.0,True
0034_complete_patente.jpg,completes,port_log/data/raw/imgs/port_log_images/0034_complete_patente.jpg,EVER-GLORY,EVERGLORY,100.0,True
0035_complete_patente.jpg,completes,port_log/data/raw/imgs/port_log_images/0035_complete_patente.jpg,ever-Glory,EVERGLORY,100.0,True
0036_complete_patente.jpg,completes,port_log/data/raw/imgs/port_log_images/0036_complete_patente.jpg,PTl OeSTE,PILOESTE,87.5,True
0037_complete_patente.jpg,completes,port_log/data/raw/imgs/port_log_images/0037_complete_patente.jpg,ONE - PARAN4,ONEPARANA,88.88888888888889,True
0038_complete.jpg,completes,port_log/data/raw/imgs/port_log_images/0038_complete.jpg,coscO- St4r,COSCOSTAR,88.88888888888889,True
0039_complete_patente.jpg,completes,port_log/data/raw/imgs/port_log_images/0039_complete_patente.jpg,Hapag-RIO,HAPAGRIO,100.0,True
0040_complete.jpg,completes,port_log/data/raw/imgs/port_log_images/0040_complete.jpg,Fng,,12.5,False
